{
    "veh_01": [
        {
            "stop_id": "veh_01_02",
            "coords": [
                39.469949,
                -0.385079
            ],
            "arrival_time": 0,
            "service_time": 0,
            "departure_time": 63,
            "leg_time": 3.065,
            "passenger_id": null
        },
        {
            "stop_id": "request_001_1-origin-63",
            "coords": [
                39.4554710301,
                -0.3750648017
            ],
            "arrival_time": 66.065,
            "service_time": 1,
            "departure_time": 67.065,
            "leg_time": 18.759999999999998,
            "passenger_id": "request_001_1"
        },
        {
            "stop_id": "request_001_1-destination-63",
            "coords": [
                39.48439,
                -0.394699
            ],
            "arrival_time": 85.82499999999999,
            "service_time": 1,
            "departure_time": 86.82499999999999,
            "leg_time": 15.695,
            "passenger_id": "request_001_1"
        },
        {
            "stop_id": "veh_01_02",
            "coords": [
                39.469949,
                -0.385079
            ],
            "arrival_time": 102.51999999999998,
            "service_time": 0,
            "departure_time": Infinity,
            "leg_time": 0,
            "passenger_id": null
        }
    ]
}